"Id","Path","Slice Name","Alias(s)","Label","Min","Max","Must Support?","Is Modifier?","Is Summary?","Type(s)","Short","Definition","Comments","Requirements","Default Value","Meaning When Missing","Fixed Value","Pattern","Example","Minimum Value","Maximum Value","Maximum Length","Binding Strength","Binding Description","Binding Value Set","Code","Slicing Discriminator","Slicing Description","Slicing Ordered","Slicing Rules","Base Path","Base Min","Base Max","Condition(s)","Constraint(s)","Mapping: Workflow Pattern","Mapping: RIM Mapping","Mapping: FiveWs Pattern Mapping"
"EpisodeOfCare","EpisodeOfCare","","Case Program Problem
","",0,*,"","","","null {[]} {[]}
","An association of a Patient with an Organization and  Healthcare Provider(s) for a period of time that the Organization assumes some level of responsibility","An association between a patient and an organization / healthcare provider(s) during which time encounters may occur. The managing organization assumes a level of responsibility for the patient during this time.","","","","","","","","","",,,,,"",,,,"EpisodeOfCare",0,*,"","dom-2:If the resource is contained in another resource, it SHALL NOT contain nested Resources {contained.contained.empty()}
dom-4:If a resource is contained in another resource, it SHALL NOT have a meta.versionId or a meta.lastUpdated {contained.meta.versionId.empty() and contained.meta.lastUpdated.empty()}dom-3:If the resource is contained in another resource, it SHALL be referred to from elsewhere in the resource or SHALL refer to the containing resource {contained.where((('#'+id in (%resource.descendants().reference | %resource.descendants().as(canonical) | %resource.descendants().as(uri) | %resource.descendants().as(url))) or descendants().where(reference = '#').exists() or descendants().where(as(canonical) = '#').exists() or descendants().where(as(canonical) = '#').exists()).not()).trace('unmatched', id).empty()}dom-6:A resource should have narrative for robust management {text.`div`.exists()}dom-5:If a resource is contained in another resource, it SHALL NOT have a security label {contained.meta.security.empty()}","Event","Entity. Role, or Act","n/a"
"EpisodeOfCare.id","EpisodeOfCare.id","","","",0,1,"","","Y","id {[]} {[]}
","Logical id of this artifact","The logical id of the resource, as used in the URL for the resource. Once assigned, this value never changes.","The only time that a resource does not have an id is when it is being submitted to the server using a create operation.","","","","","","","","",,,,,"",,,,"Resource.id",0,1,"",""
"EpisodeOfCare.meta","EpisodeOfCare.meta","","","",0,1,"","","Y","Meta {[]} {[]}
","Metadata about the resource","The metadata about the resource. This is content that is maintained by the infrastructure. Changes to the content might not always be associated with version changes to the resource.","","","","","","","","","",,,,,"",,,,"Resource.meta",0,1,"ele-1
","ele-1:All FHIR elements must have a @value or children {hasValue() or (children().count() > id.count())}
","n/a","N/A"
"EpisodeOfCare.implicitRules","EpisodeOfCare.implicitRules","","","",0,1,"","Y","Y","uri {[]} {[]}
","A set of rules under which this content was created","A reference to a set of rules that were followed when the resource was constructed, and which must be understood when processing the content. Often, this is a reference to an implementation guide that defines the special rules along with other profiles etc.","Asserting this rule set restricts the content to be only understood by a limited set of trading partners. This inherently limits the usefulness of the data in the long term. However, the existing health eco-system is highly fractured, and not yet ready to define, collect, and exchange data in a generally computable sense. Wherever possible, implementers and/or specification writers should avoid using this element. Often, when used, the URL is a reference to an implementation guide that defines these special rules as part of it's narrative along with other profiles, value sets, etc.","","","","","","","","",,,,,"",,,,"Resource.implicitRules",0,1,"ele-1
","ele-1:All FHIR elements must have a @value or children {hasValue() or (children().count() > id.count())}
","n/a"
"EpisodeOfCare.language","EpisodeOfCare.language","","","",0,1,"","","","code {[]} {[]}
","Language of the resource content","The base language in which the resource is written.","Language is provided to support indexing and accessibility (typically, services such as text to speech use the language tag). The html language tag in the narrative applies  to the narrative. The language tag on the resource may be used to specify the language of other presentations generated from the data in the resource. Not all the content has to be in the base language. The Resource.language should not be assumed to apply to the narrative automatically. If a language is specified, it should it also be specified on the div element in the html (see rules in HTML5 for information about the relationship between xml:lang and the html lang attribute).","","","","","","","","",,"preferred","A human language.","http://hl7.org/fhir/ValueSet/languages","",,,,"Resource.language",0,1,"ele-1
","ele-1:All FHIR elements must have a @value or children {hasValue() or (children().count() > id.count())}
","n/a"
"EpisodeOfCare.text","EpisodeOfCare.text","","narrative
htmlxhtmldisplay","",0,1,"","","","Narrative {[]} {[]}
","Text summary of the resource, for human interpretation","A human-readable narrative that contains a summary of the resource and can be used to represent the content of the resource to a human. The narrative need not encode all the structured data, but is required to contain sufficient detail to make it ""clinically safe"" for a human to just read the narrative. Resource definitions may define what content should be represented in the narrative to ensure clinical safety.","Contained resources do not have narrative. Resources that are not contained SHOULD have a narrative. In some cases, a resource may only have text with little or no additional discrete data (as long as all minOccurs=1 elements are satisfied).  This may be necessary for data from legacy systems where information is captured as a ""text blob"" or where text is additionally entered raw or narrated and encoded information is added later.","","","","","","","","",,,,,"",,,,"DomainResource.text",0,1,"ele-1
","ele-1:All FHIR elements must have a @value or children {hasValue() or (children().count() > id.count())}
","n/a","N/A","Act.text?"
"EpisodeOfCare.contained","EpisodeOfCare.contained","","inline resources
anonymous resourcescontained resources","",0,*,"","","","Resource {[]} {[]}
","Contained, inline Resources","These resources do not have an independent existence apart from the resource that contains them - they cannot be identified independently, and nor can they have their own independent transaction scope.","This should never be done when the content can be identified properly, as once identification is lost, it is extremely difficult (and context dependent) to restore it again. Contained resources may have profiles and tags In their meta elements, but SHALL NOT have security labels.","","","","","","","","",,,,,"",,,,"DomainResource.contained",0,*,"","","Entity. Role, or Act","N/A"
"EpisodeOfCare.extension","EpisodeOfCare.extension","","extensions
user content","",0,*,"","","","Extension {[]} {[]}
","Additional content defined by implementations","May be used to represent additional information that is not part of the basic definition of the resource. To make the use of extensions safe and manageable, there is a strict set of governance  applied to the definition and use of extensions. Though any implementer can define an extension, there is a set of requirements that SHALL be met as part of the definition of the extension.","There can be no stigma associated with the use of extensions by any application, project, or standard - regardless of the institution or jurisdiction that uses or defines the extensions.  The use of extensions is what allows the FHIR specification to retain a core level of simplicity for everyone.","","","","","","","","",,,,,"","value:url}
","Extensions are always sliced by (at least) url",,"open","DomainResource.extension",0,*,"ele-1
","ele-1:All FHIR elements must have a @value or children {hasValue() or (children().count() > id.count())}
ext-1:Must have either extensions or value[x], not both {extension.exists() != value.exists()}","n/a","N/A"
"EpisodeOfCare.modifierExtension","EpisodeOfCare.modifierExtension","","extensions
user content","",0,*,"","Y","","Extension {[]} {[]}
","Extensions that cannot be ignored","May be used to represent additional information that is not part of the basic definition of the resource and that modifies the understanding of the element that contains it and/or the understanding of the containing element's descendants. Usually modifier elements provide negation or qualification. To make the use of extensions safe and manageable, there is a strict set of governance applied to the definition and use of extensions. Though any implementer is allowed to define an extension, there is a set of requirements that SHALL be met as part of the definition of the extension. Applications processing a resource are required to check for modifier extensions.

Modifier extensions SHALL NOT change the meaning of any elements on Resource or DomainResource (including cannot change the meaning of modifierExtension itself).","There can be no stigma associated with the use of extensions by any application, project, or standard - regardless of the institution or jurisdiction that uses or defines the extensions.  The use of extensions is what allows the FHIR specification to retain a core level of simplicity for everyone.","Modifier extensions allow for extensions that *cannot* be safely ignored to be clearly distinguished from the vast majority of extensions which can be safely ignored.  This promotes interoperability by eliminating the need for implementers to prohibit the presence of extensions. For further information, see the [definition of modifier extensions](http://hl7.org/fhir/R4/extensibility.html#modifierExtension).","","","","","","","",,,,,"","value:url}
","Extensions are always sliced by (at least) url",,"open","DomainResource.modifierExtension",0,*,"ele-1
","ele-1:All FHIR elements must have a @value or children {hasValue() or (children().count() > id.count())}
ext-1:Must have either extensions or value[x], not both {extension.exists() != value.exists()}","n/a","N/A"
"EpisodeOfCare.identifier","EpisodeOfCare.identifier","","","",0,*,"","","","Identifier {[]} {[]}
","Business Identifier(s) relevant for this EpisodeOfCare","The EpisodeOfCare may be known by different identifiers for different contexts of use, such as when an external agency is tracking the Episode for funding purposes.","","","","","","","","","",,,,,"",,,,"EpisodeOfCare.identifier",0,*,"ele-1
","ele-1:All FHIR elements must have a @value or children {hasValue() or (children().count() > id.count())}
","Event.identifier","n/a","II - The Identifier class is a little looser than the v3 type II because it allows URIs as well as registered OIDs or GUIDs.  Also maps to Role[classCode=IDENT]","FiveWs.identifier"
"EpisodeOfCare.status","EpisodeOfCare.status","","","",1,1,"Y","Y","Y","code {[]} {[]}
","planned | waitlist | active | onhold | finished | cancelled | entered-in-error","planned | waitlist | active | onhold | finished | cancelled.","This element is labeled as a modifier because the status contains codes that mark the episode as not currently valid.","","","","","","","","",,"required","The status of the episode of care.","http://hl7.org/fhir/ValueSet/episode-of-care-status|4.0.1","",,,,"EpisodeOfCare.status",1,1,"ele-1
","ele-1:All FHIR elements must have a @value or children {hasValue() or (children().count() > id.count())}
","Event.status","n/a","FiveWs.status"
"EpisodeOfCare.statusHistory","EpisodeOfCare.statusHistory","","","",0,*,"","","","BackboneElement {[]} {[]}
","Past list of status codes (the current status may be included to cover the start date of the status)","The history of statuses that the EpisodeOfCare has been through (without requiring processing the history of the resource).","","","","","","","","","",,,,,"",,,,"EpisodeOfCare.statusHistory",0,*,"ele-1
","ele-1:All FHIR elements must have a @value or children {hasValue() or (children().count() > id.count())}
","n/a"
"EpisodeOfCare.statusHistory.id","EpisodeOfCare.statusHistory.id","","","",0,1,"","","","string {[]} {[]}
","Unique id for inter-element referencing","Unique id for the element within a resource (for internal references). This may be any string value that does not contain spaces.","","","","","","","","","",,,,,"",,,,"Element.id",0,1,"","","n/a"
"EpisodeOfCare.statusHistory.extension","EpisodeOfCare.statusHistory.extension","","extensions
user content","",0,*,"","","","Extension {[]} {[]}
","Additional content defined by implementations","May be used to represent additional information that is not part of the basic definition of the element. To make the use of extensions safe and manageable, there is a strict set of governance  applied to the definition and use of extensions. Though any implementer can define an extension, there is a set of requirements that SHALL be met as part of the definition of the extension.","There can be no stigma associated with the use of extensions by any application, project, or standard - regardless of the institution or jurisdiction that uses or defines the extensions.  The use of extensions is what allows the FHIR specification to retain a core level of simplicity for everyone.","","","","","","","","",,,,,"","value:url}
","Extensions are always sliced by (at least) url",,"open","Element.extension",0,*,"ele-1
","ele-1:All FHIR elements must have a @value or children {hasValue() or (children().count() > id.count())}
ext-1:Must have either extensions or value[x], not both {extension.exists() != value.exists()}","n/a","N/A"
"EpisodeOfCare.statusHistory.modifierExtension","EpisodeOfCare.statusHistory.modifierExtension","","extensions
user contentmodifiers","",0,*,"","Y","Y","Extension {[]} {[]}
","Extensions that cannot be ignored even if unrecognized","May be used to represent additional information that is not part of the basic definition of the element and that modifies the understanding of the element in which it is contained and/or the understanding of the containing element's descendants. Usually modifier elements provide negation or qualification. To make the use of extensions safe and manageable, there is a strict set of governance applied to the definition and use of extensions. Though any implementer can define an extension, there is a set of requirements that SHALL be met as part of the definition of the extension. Applications processing a resource are required to check for modifier extensions.

Modifier extensions SHALL NOT change the meaning of any elements on Resource or DomainResource (including cannot change the meaning of modifierExtension itself).","There can be no stigma associated with the use of extensions by any application, project, or standard - regardless of the institution or jurisdiction that uses or defines the extensions.  The use of extensions is what allows the FHIR specification to retain a core level of simplicity for everyone.","Modifier extensions allow for extensions that *cannot* be safely ignored to be clearly distinguished from the vast majority of extensions which can be safely ignored.  This promotes interoperability by eliminating the need for implementers to prohibit the presence of extensions. For further information, see the [definition of modifier extensions](http://hl7.org/fhir/R4/extensibility.html#modifierExtension).","","","","","","","",,,,,"",,,,"BackboneElement.modifierExtension",0,*,"ele-1
","ele-1:All FHIR elements must have a @value or children {hasValue() or (children().count() > id.count())}
ext-1:Must have either extensions or value[x], not both {extension.exists() != value.exists()}","n/a","N/A"
"EpisodeOfCare.statusHistory.status","EpisodeOfCare.statusHistory.status","","","",1,1,"","","","code {[]} {[]}
","planned | waitlist | active | onhold | finished | cancelled | entered-in-error","planned | waitlist | active | onhold | finished | cancelled.","Note that FHIR strings SHALL NOT exceed 1MB in size","","","","","","","","",,"required","The status of the episode of care.","http://hl7.org/fhir/ValueSet/episode-of-care-status|4.0.1","",,,,"EpisodeOfCare.statusHistory.status",1,1,"ele-1
","ele-1:All FHIR elements must have a @value or children {hasValue() or (children().count() > id.count())}
","n/a"
"EpisodeOfCare.statusHistory.period","EpisodeOfCare.statusHistory.period","","","",1,1,"","","","Period {[]} {[]}
","Duration the EpisodeOfCare was in the specified status","The period during this EpisodeOfCare that the specific status applied.","A Period specifies a range of time; the context of use will specify whether the entire range applies (e.g. ""the patient was an inpatient of the hospital for this time range"") or one value from the range applies (e.g. ""give to the patient between these two times"").

Period is not used for a duration (a measure of elapsed time). See [Duration](http://hl7.org/fhir/R4/datatypes.html#Duration).","","","","","","","","",,,,,"",,,,"EpisodeOfCare.statusHistory.period",1,1,"ele-1
","ele-1:All FHIR elements must have a @value or children {hasValue() or (children().count() > id.count())}
per-1:If present, start SHALL have a lower value than end {start.hasValue().not() or end.hasValue().not() or (start <= end)}","n/a","IVL<TS>[lowClosed=""true"" and highClosed=""true""] or URG<TS>[lowClosed=""true"" and highClosed=""true""]"
"EpisodeOfCare.type","EpisodeOfCare.type","","","",1,1,"Y","","Y","CodeableConcept {[]} {[]}
","Type/class  - e.g. specialist referral, disease management","A classification of the type of episode of care; e.g. specialist referral, disease management, type of funded care.","The type can be very important in processing as this could be used in determining if the EpisodeOfCare is relevant to specific government reporting, or other types of classifications.","","","","","<valueCodeableConcept xmlns=""http://hl7.org/fhir"">
  <coding>
    <system value=""http://ncicb.nci.nih.gov/xml/owl/EVS/Thesaurus.owl""/>
    <code value=""C16213""/>
    <display value=""Cancer Diagnosis""/>
  </coding>
</valueCodeableConcept>","","","",,"example","The type of the episode of care.","http://hl7.org/fhir/ValueSet/episodeofcare-type","",,,,"EpisodeOfCare.type",0,*,"ele-1
","ele-1:All FHIR elements must have a @value or children {hasValue() or (children().count() > id.count())}
","Event.code","n/a","CD","FiveWs.class"
"EpisodeOfCare.diagnosis","EpisodeOfCare.diagnosis","","","",0,*,"Y","","Y","BackboneElement {[]} {[]}
","The list of diagnosis relevant to this episode of care","The list of diagnosis relevant to this episode of care.","","","","","","","","","",,,,,"",,,,"EpisodeOfCare.diagnosis",0,*,"ele-1
","ele-1:All FHIR elements must have a @value or children {hasValue() or (children().count() > id.count())}
","n/a"
"EpisodeOfCare.diagnosis.id","EpisodeOfCare.diagnosis.id","","","",0,1,"","","","string {[]} {[]}
","Unique id for inter-element referencing","Unique id for the element within a resource (for internal references). This may be any string value that does not contain spaces.","","","","","","","","","",,,,,"",,,,"Element.id",0,1,"","","n/a"
"EpisodeOfCare.diagnosis.extension","EpisodeOfCare.diagnosis.extension","","extensions
user content","",0,*,"","","","Extension {[]} {[]}
","Additional content defined by implementations","May be used to represent additional information that is not part of the basic definition of the element. To make the use of extensions safe and manageable, there is a strict set of governance  applied to the definition and use of extensions. Though any implementer can define an extension, there is a set of requirements that SHALL be met as part of the definition of the extension.","There can be no stigma associated with the use of extensions by any application, project, or standard - regardless of the institution or jurisdiction that uses or defines the extensions.  The use of extensions is what allows the FHIR specification to retain a core level of simplicity for everyone.","","","","","","","","",,,,,"","value:url}
","Extensions are always sliced by (at least) url",,"open","Element.extension",0,*,"ele-1
","ele-1:All FHIR elements must have a @value or children {hasValue() or (children().count() > id.count())}
ext-1:Must have either extensions or value[x], not both {extension.exists() != value.exists()}","n/a","N/A"
"EpisodeOfCare.diagnosis.modifierExtension","EpisodeOfCare.diagnosis.modifierExtension","","extensions
user contentmodifiers","",0,*,"","Y","Y","Extension {[]} {[]}
","Extensions that cannot be ignored even if unrecognized","May be used to represent additional information that is not part of the basic definition of the element and that modifies the understanding of the element in which it is contained and/or the understanding of the containing element's descendants. Usually modifier elements provide negation or qualification. To make the use of extensions safe and manageable, there is a strict set of governance applied to the definition and use of extensions. Though any implementer can define an extension, there is a set of requirements that SHALL be met as part of the definition of the extension. Applications processing a resource are required to check for modifier extensions.

Modifier extensions SHALL NOT change the meaning of any elements on Resource or DomainResource (including cannot change the meaning of modifierExtension itself).","There can be no stigma associated with the use of extensions by any application, project, or standard - regardless of the institution or jurisdiction that uses or defines the extensions.  The use of extensions is what allows the FHIR specification to retain a core level of simplicity for everyone.","Modifier extensions allow for extensions that *cannot* be safely ignored to be clearly distinguished from the vast majority of extensions which can be safely ignored.  This promotes interoperability by eliminating the need for implementers to prohibit the presence of extensions. For further information, see the [definition of modifier extensions](http://hl7.org/fhir/R4/extensibility.html#modifierExtension).","","","","","","","",,,,,"",,,,"BackboneElement.modifierExtension",0,*,"ele-1
","ele-1:All FHIR elements must have a @value or children {hasValue() or (children().count() > id.count())}
ext-1:Must have either extensions or value[x], not both {extension.exists() != value.exists()}","n/a","N/A"
"EpisodeOfCare.diagnosis.condition","EpisodeOfCare.diagnosis.condition","","","",1,1,"Y","","Y","Reference {[]} {[CanonicalType[http://hl7.org/fhir/StructureDefinition/Condition]]}
","Conditions/problems/diagnoses this episode of care is for","A list of conditions/problems/diagnoses that this episode of care is intended to be providing care for.","References SHALL be a reference to an actual FHIR resource, and SHALL be resolveable (allowing for access control, temporary unavailability, etc.). Resolution can be either by retrieval from the URL, or, where applicable by resource type, by treating an absolute reference as a canonical URL and looking it up in a local registry/repository.","","","","","","","","",,,,,"",,,,"EpisodeOfCare.diagnosis.condition",1,1,"ele-1
","ele-1:All FHIR elements must have a @value or children {hasValue() or (children().count() > id.count())}
ref-1:SHALL have a contained resource if a local reference is provided {reference.startsWith('#').not() or (reference.substring(1).trace('url') in %rootResource.contained.id.trace('ids'))}","Event.reasonReference","n/a","The target of a resource reference is a RIM entry point (Act, Role, or Entity)","FiveWs.what[x]"
"EpisodeOfCare.diagnosis.role","EpisodeOfCare.diagnosis.role","","","",1,1,"Y","","Y","CodeableConcept {[]} {[]}
","Role that this diagnosis has within the episode of care (e.g. admission, billing, discharge …)","Role that this diagnosis has within the episode of care (e.g. admission, billing, discharge …).","Not all terminology uses fit this general pattern. In some cases, models should not use CodeableConcept and use Coding directly and provide their own structure for managing text, codings, translations and the relationship between elements and pre- and post-coordination.","","","","","","","","",,"required","","http://hl7.org/fhir/ValueSet/diagnosis-role","",,,,"EpisodeOfCare.diagnosis.role",0,1,"ele-1
","ele-1:All FHIR elements must have a @value or children {hasValue() or (children().count() > id.count())}
","n/a","CD"
"EpisodeOfCare.diagnosis.role.id","EpisodeOfCare.diagnosis.role.id","","","",0,1,"","","","string {[]} {[]}
","Unique id for inter-element referencing","Unique id for the element within a resource (for internal references). This may be any string value that does not contain spaces.","","","","","","","","","",,,,,"",,,,"Element.id",0,1,"","","n/a"
"EpisodeOfCare.diagnosis.role.extension","EpisodeOfCare.diagnosis.role.extension","","extensions
user content","",0,*,"","","","Extension {[]} {[]}
","Additional content defined by implementations","May be used to represent additional information that is not part of the basic definition of the element. To make the use of extensions safe and manageable, there is a strict set of governance  applied to the definition and use of extensions. Though any implementer can define an extension, there is a set of requirements that SHALL be met as part of the definition of the extension.","There can be no stigma associated with the use of extensions by any application, project, or standard - regardless of the institution or jurisdiction that uses or defines the extensions.  The use of extensions is what allows the FHIR specification to retain a core level of simplicity for everyone.","","","","","","","","",,,,,"","value:url}
","Extensions are always sliced by (at least) url",,"open","Element.extension",0,*,"ele-1
","ele-1:All FHIR elements must have a @value or children {hasValue() or (children().count() > id.count())}
ext-1:Must have either extensions or value[x], not both {extension.exists() != value.exists()}","n/a","N/A"
"EpisodeOfCare.diagnosis.role.coding","EpisodeOfCare.diagnosis.role.coding","","","",1,*,"Y","","Y","Coding {[]} {[]}
","Code defined by a terminology system","A reference to a code defined by a terminology system.","Codes may be defined very casually in enumerations, or code lists, up to very formal definitions such as SNOMED CT - see the HL7 v3 Core Principles for more information.  Ordering of codings is undefined and SHALL NOT be used to infer meaning. Generally, at most only one of the coding values will be labeled as UserSelected = true.","Allows for alternative encodings within a code system, and translations to other code systems.","","","","","","","",,,,,"",,,,"CodeableConcept.coding",0,*,"ele-1
","ele-1:All FHIR elements must have a @value or children {hasValue() or (children().count() > id.count())}
","n/a","CV","union(., ./translation)"
"EpisodeOfCare.diagnosis.role.coding.id","EpisodeOfCare.diagnosis.role.coding.id","","","",0,1,"","","","string {[]} {[]}
","Unique id for inter-element referencing","Unique id for the element within a resource (for internal references). This may be any string value that does not contain spaces.","","","","","","","","","",,,,,"",,,,"Element.id",0,1,"","","n/a"
"EpisodeOfCare.diagnosis.role.coding.extension","EpisodeOfCare.diagnosis.role.coding.extension","","extensions
user content","",0,*,"","","","Extension {[]} {[]}
","Additional content defined by implementations","May be used to represent additional information that is not part of the basic definition of the element. To make the use of extensions safe and manageable, there is a strict set of governance  applied to the definition and use of extensions. Though any implementer can define an extension, there is a set of requirements that SHALL be met as part of the definition of the extension.","There can be no stigma associated with the use of extensions by any application, project, or standard - regardless of the institution or jurisdiction that uses or defines the extensions.  The use of extensions is what allows the FHIR specification to retain a core level of simplicity for everyone.","","","","","","","","",,,,,"","value:url}
","Extensions are always sliced by (at least) url",,"open","Element.extension",0,*,"ele-1
","ele-1:All FHIR elements must have a @value or children {hasValue() or (children().count() > id.count())}
ext-1:Must have either extensions or value[x], not both {extension.exists() != value.exists()}","n/a","N/A"
"EpisodeOfCare.diagnosis.role.coding.system","EpisodeOfCare.diagnosis.role.coding.system","","","",1,1,"Y","","Y","uri {[]} {[]}
","Identity of the terminology system","The identification of the code system that defines the meaning of the symbol in the code.","The URI may be an OID (urn:oid:...) or a UUID (urn:uuid:...).  OIDs and UUIDs SHALL be references to the HL7 OID registry. Otherwise, the URI should come from HL7's list of FHIR defined special URIs or it should reference to some definition that establishes the system clearly and unambiguously.","Need to be unambiguous about the source of the definition of the symbol.","","","","","","","",,,,,"",,,,"Coding.system",0,1,"ele-1
","ele-1:All FHIR elements must have a @value or children {hasValue() or (children().count() > id.count())}
","n/a","./codeSystem"
"EpisodeOfCare.diagnosis.role.coding.version","EpisodeOfCare.diagnosis.role.coding.version","","","",0,1,"","","Y","string {[]} {[]}
","Version of the system - if relevant","The version of the code system which was used when choosing this code. Note that a well-maintained code system does not need the version reported, because the meaning of codes is consistent across versions. However this cannot consistently be assured, and when the meaning is not guaranteed to be consistent, the version SHOULD be exchanged.","Where the terminology does not clearly define what string should be used to identify code system versions, the recommendation is to use the date (expressed in FHIR date format) on which that version was officially published as the version date.","","","","","","","","",,,,,"",,,,"Coding.version",0,1,"ele-1
","ele-1:All FHIR elements must have a @value or children {hasValue() or (children().count() > id.count())}
","n/a","./codeSystemVersion"
"EpisodeOfCare.diagnosis.role.coding.code","EpisodeOfCare.diagnosis.role.coding.code","","","",1,1,"Y","","Y","code {[]} {[]}
","Symbol in syntax defined by the system","A symbol in syntax defined by the system. The symbol may be a predefined code or an expression in a syntax defined by the coding system (e.g. post-coordination).","Note that FHIR strings SHALL NOT exceed 1MB in size","Need to refer to a particular code in the system.","","","","","","","",,,,,"",,,,"Coding.code",0,1,"ele-1
","ele-1:All FHIR elements must have a @value or children {hasValue() or (children().count() > id.count())}
","n/a","./code"
"EpisodeOfCare.diagnosis.role.coding.display","EpisodeOfCare.diagnosis.role.coding.display","","","",0,1,"","","Y","string {[]} {[]}
","Representation defined by the system","A representation of the meaning of the code in the system, following the rules of the system.","Note that FHIR strings SHALL NOT exceed 1MB in size","Need to be able to carry a human-readable meaning of the code for readers that do not know  the system.","","","","","","","",,,,,"",,,,"Coding.display",0,1,"ele-1
","ele-1:All FHIR elements must have a @value or children {hasValue() or (children().count() > id.count())}
","n/a","CV.displayName"
"EpisodeOfCare.diagnosis.role.coding.userSelected","EpisodeOfCare.diagnosis.role.coding.userSelected","","","",0,1,"","","Y","boolean {[]} {[]}
","If this coding was chosen directly by the user","Indicates that this coding was chosen by a user directly - e.g. off a pick list of available items (codes or displays).","Amongst a set of alternatives, a directly chosen code is the most appropriate starting point for new translations. There is some ambiguity about what exactly 'directly chosen' implies, and trading partner agreement may be needed to clarify the use of this element and its consequences more completely.","This has been identified as a clinical safety criterium - that this exact system/code pair was chosen explicitly, rather than inferred by the system based on some rules or language processing.","","","","","","","",,,,,"",,,,"Coding.userSelected",0,1,"ele-1
","ele-1:All FHIR elements must have a @value or children {hasValue() or (children().count() > id.count())}
","n/a","CD.codingRationale"
"EpisodeOfCare.diagnosis.role.text","EpisodeOfCare.diagnosis.role.text","","","",0,1,"","","Y","string {[]} {[]}
","Plain text representation of the concept","A human language representation of the concept as seen/selected/uttered by the user who entered the data and/or which represents the intended meaning of the user.","Very often the text is the same as a displayName of one of the codings.","The codes from the terminologies do not always capture the correct meaning with all the nuances of the human using them, or sometimes there is no appropriate code at all. In these cases, the text is used to capture the full meaning of the source.","","","","","","","",,,,,"",,,,"CodeableConcept.text",0,1,"ele-1
","ele-1:All FHIR elements must have a @value or children {hasValue() or (children().count() > id.count())}
","n/a","./originalText[mediaType/code=""text/plain""]/data"
"EpisodeOfCare.diagnosis.rank","EpisodeOfCare.diagnosis.rank","","","",0,1,"","","Y","positiveInt {[]} {[]}
","Ranking of the diagnosis (for each role type)","Ranking of the diagnosis (for each role type).","32 bit number; for values larger than this, use decimal","","","","","","","","",,,,,"",,,,"EpisodeOfCare.diagnosis.rank",0,1,"ele-1
","ele-1:All FHIR elements must have a @value or children {hasValue() or (children().count() > id.count())}
","n/a"
"EpisodeOfCare.patient","EpisodeOfCare.patient","","","",1,1,"Y","","Y","Reference {[]} {[CanonicalType[http://idg-rlp.de/fhir/tumorkonferenzen/StructureDefinition/TumorPatient]]}
","The patient who is the focus of this episode of care","The patient who is the focus of this episode of care.","References SHALL be a reference to an actual FHIR resource, and SHALL be resolveable (allowing for access control, temporary unavailability, etc.). Resolution can be either by retrieval from the URL, or, where applicable by resource type, by treating an absolute reference as a canonical URL and looking it up in a local registry/repository.","","","","","","","","",,,,,"",,,,"EpisodeOfCare.patient",1,1,"ele-1
","ele-1:All FHIR elements must have a @value or children {hasValue() or (children().count() > id.count())}
ref-1:SHALL have a contained resource if a local reference is provided {reference.startsWith('#').not() or (reference.substring(1).trace('url') in %rootResource.contained.id.trace('ids'))}","Event.subject","n/a","The target of a resource reference is a RIM entry point (Act, Role, or Entity)","FiveWs.subject[x]","FiveWs.subject"
"EpisodeOfCare.managingOrganization","EpisodeOfCare.managingOrganization","","","",0,1,"","","Y","Reference {[]} {[CanonicalType[http://hl7.org/fhir/StructureDefinition/Organization]]}
","Organization that assumes care","The organization that has assumed the specific responsibilities for the specified duration.","References SHALL be a reference to an actual FHIR resource, and SHALL be resolveable (allowing for access control, temporary unavailability, etc.). Resolution can be either by retrieval from the URL, or, where applicable by resource type, by treating an absolute reference as a canonical URL and looking it up in a local registry/repository.","","","","","","","","",,,,,"",,,,"EpisodeOfCare.managingOrganization",0,1,"ele-1
","ele-1:All FHIR elements must have a @value or children {hasValue() or (children().count() > id.count())}
ref-1:SHALL have a contained resource if a local reference is provided {reference.startsWith('#').not() or (reference.substring(1).trace('url') in %rootResource.contained.id.trace('ids'))}","Event.performer.actor","n/a","The target of a resource reference is a RIM entry point (Act, Role, or Entity)"
"EpisodeOfCare.period","EpisodeOfCare.period","","","",0,1,"","","Y","Period {[]} {[]}
","Interval during responsibility is assumed","The interval during which the managing organization assumes the defined responsibility.","A Period specifies a range of time; the context of use will specify whether the entire range applies (e.g. ""the patient was an inpatient of the hospital for this time range"") or one value from the range applies (e.g. ""give to the patient between these two times"").

Period is not used for a duration (a measure of elapsed time). See [Duration](http://hl7.org/fhir/R4/datatypes.html#Duration).","","","","","","","","",,,,,"",,,,"EpisodeOfCare.period",0,1,"ele-1
","ele-1:All FHIR elements must have a @value or children {hasValue() or (children().count() > id.count())}
per-1:If present, start SHALL have a lower value than end {start.hasValue().not() or end.hasValue().not() or (start <= end)}","Event.occurrence[x]","n/a","IVL<TS>[lowClosed=""true"" and highClosed=""true""] or URG<TS>[lowClosed=""true"" and highClosed=""true""]","FiveWs.init"
"EpisodeOfCare.referralRequest","EpisodeOfCare.referralRequest","","","",0,*,"","","","Reference {[]} {[CanonicalType[http://hl7.org/fhir/StructureDefinition/ServiceRequest]]}
","Originating Referral Request(s)","Referral Request(s) that are fulfilled by this EpisodeOfCare, incoming referrals.","References SHALL be a reference to an actual FHIR resource, and SHALL be resolveable (allowing for access control, temporary unavailability, etc.). Resolution can be either by retrieval from the URL, or, where applicable by resource type, by treating an absolute reference as a canonical URL and looking it up in a local registry/repository.","","","","","","","","",,,,,"",,,,"EpisodeOfCare.referralRequest",0,*,"ele-1
","ele-1:All FHIR elements must have a @value or children {hasValue() or (children().count() > id.count())}
ref-1:SHALL have a contained resource if a local reference is provided {reference.startsWith('#').not() or (reference.substring(1).trace('url') in %rootResource.contained.id.trace('ids'))}","Event.basedOn","n/a","The target of a resource reference is a RIM entry point (Act, Role, or Entity)"
"EpisodeOfCare.careManager","EpisodeOfCare.careManager","","","",0,1,"","","","Reference {[]} {[CanonicalType[http://hl7.org/fhir/StructureDefinition/Practitioner], CanonicalType[http://hl7.org/fhir/StructureDefinition/PractitionerRole]]}
","Care manager/care coordinator for the patient","The practitioner that is the care manager/care coordinator for this patient.","References SHALL be a reference to an actual FHIR resource, and SHALL be resolveable (allowing for access control, temporary unavailability, etc.). Resolution can be either by retrieval from the URL, or, where applicable by resource type, by treating an absolute reference as a canonical URL and looking it up in a local registry/repository.","","","","","","","","",,,,,"",,,,"EpisodeOfCare.careManager",0,1,"ele-1
","ele-1:All FHIR elements must have a @value or children {hasValue() or (children().count() > id.count())}
ref-1:SHALL have a contained resource if a local reference is provided {reference.startsWith('#').not() or (reference.substring(1).trace('url') in %rootResource.contained.id.trace('ids'))}","Event.performer.actor","n/a","The target of a resource reference is a RIM entry point (Act, Role, or Entity)"
"EpisodeOfCare.team","EpisodeOfCare.team","","CareTeam
","",0,*,"","","","Reference {[]} {[CanonicalType[http://hl7.org/fhir/StructureDefinition/CareTeam]]}
","Other practitioners facilitating this episode of care","The list of practitioners that may be facilitating this episode of care for specific purposes.","References SHALL be a reference to an actual FHIR resource, and SHALL be resolveable (allowing for access control, temporary unavailability, etc.). Resolution can be either by retrieval from the URL, or, where applicable by resource type, by treating an absolute reference as a canonical URL and looking it up in a local registry/repository.","","","","","","","","",,,,,"",,,,"EpisodeOfCare.team",0,*,"ele-1
","ele-1:All FHIR elements must have a @value or children {hasValue() or (children().count() > id.count())}
ref-1:SHALL have a contained resource if a local reference is provided {reference.startsWith('#').not() or (reference.substring(1).trace('url') in %rootResource.contained.id.trace('ids'))}","Event.performer.actor","n/a","The target of a resource reference is a RIM entry point (Act, Role, or Entity)"
"EpisodeOfCare.account","EpisodeOfCare.account","","","",0,*,"","","","Reference {[]} {[CanonicalType[http://hl7.org/fhir/StructureDefinition/Account]]}
","The set of accounts that may be used for billing for this EpisodeOfCare","The set of accounts that may be used for billing for this EpisodeOfCare.","The billing system may choose to allocate billable items associated with the EpisodeOfCare to different referenced Accounts based on internal business rules.","","","","","","","","",,,,,"",,,,"EpisodeOfCare.account",0,*,"ele-1
","ele-1:All FHIR elements must have a @value or children {hasValue() or (children().count() > id.count())}
ref-1:SHALL have a contained resource if a local reference is provided {reference.startsWith('#').not() or (reference.substring(1).trace('url') in %rootResource.contained.id.trace('ids'))}","n/a","The target of a resource reference is a RIM entry point (Act, Role, or Entity)"
