URL,Version,Status,OIDs,Name,Title,Descriptino,Uses,Used,Sources
http://fhir.de/ValueSet/identifier-type-de-basis,1.5.0,active,,IdentifierTypeDeBasis,Identifier Type DeBasis ValueSet,"ValueSet zur Codierung des Identifier-Typs","StructureDefinition/TumorPatient","THO (V2),de.basisprofil.r4"
http://fhir.de/ValueSet/iso/bundeslaender,1.5.0,active,,ValueSetISO31662DE,ISO-3166-2:de-Laendercodes,"Enthaelt die ISO-3166-2:DE Codes für die deutschen Bundeslaender.","StructureDefinition/TumorPatient","de.basisprofil.r4"
http://hl7.org/fhir/ValueSet/address-type,4.0.1,active,"2.16.840.1.113883.4.642.3.69",AddressType,AddressType,"The type of an address (physical / postal).","StructureDefinition/TumorPatient","hl7.fhir.r4.core"
http://hl7.org/fhir/ValueSet/address-use,4.0.1,active,"2.16.840.1.113883.4.642.3.67",AddressUse,AddressUse,"The use of an address.","StructureDefinition/TumorPatient","hl7.fhir.r4.core"
http://hl7.org/fhir/ValueSet/administrative-gender,4.0.1,active,"2.16.840.1.113883.4.642.3.1",AdministrativeGender,AdministrativeGender,"The gender of a person used for administrative purposes.","StructureDefinition/Anmelder,StructureDefinition/TumorPatient","hl7.fhir.r4.core"
http://hl7.org/fhir/ValueSet/body-site,4.0.1,draft,"2.16.840.1.113883.4.642.3.141",SNOMEDCTBodyStructures,SNOMED CT Body Structures,"This value set includes all codes from [SNOMED CT](http://snomed.info/sct) where concept is-a 442083009 (Anatomical or acquired body site (body structure)).","StructureDefinition/externe-bilder,StructureDefinition/bemerkung-freitext,StructureDefinition/tumorsituation,StructureDefinition/medikamentoese-therapie-freitext,StructureDefinition/Nebendiagnose,StructureDefinition/ekg,StructureDefinition/praxis-pathologisches-institut-freitext,StructureDefinition/FertilitaetsBehandlungEmpfohlen,StructureDefinition/radiologie-bilder-freitext,StructureDefinition/MinimalObservation,StructureDefinition/weitere-gewuenschte-teilnehmer-freitext,StructureDefinition/ct-mrt-abdomen,StructureDefinition/DiagnoseLungenTumorMinimal,StructureDefinition/fragestellung-radiologie-freitext,StructureDefinition/gewuenschte-teilnehmer,StructureDefinition/psa-verlauf-freitext,StructureDefinition/ecog,StructureDefinition/OperativeTherapieFreitext,StructureDefinition/fragestellung-tumorkonferenz-freitext,StructureDefinition/tumor-board-anmeldung,StructureDefinition/familienanamnese-drop-down,StructureDefinition/skelettszintigraphie,StructureDefinition/relevante-nebendiagnosen-freitext,StructureDefinition/pet-ct,StructureDefinition/histologische-typisierung-lunge,StructureDefinition/TNMFreitext,StructureDefinition/HistologieMolPatFreitext,StructureDefinition/fragestellung-pathologie-freitext,StructureDefinition/ct-mrt-schaedel,StructureDefinition/lungenfunktionstest,StructureDefinition/FreitextObservation,StructureDefinition/ct-mrt-thorax,StructureDefinition/StrahlenTherapieFreitext,StructureDefinition/Erstdiagnose,StructureDefinition/verlauf-freitext,StructureDefinition/DiagnoseFreitext","SCT"
http://hl7.org/fhir/ValueSet/bundle-type,4.0.1,active,"2.16.840.1.113883.4.642.3.620",BundleType,BundleType,"Indicates the purpose of a bundle - how it is intended to be used.","StructureDefinition/AnmeldeBundleMinimalFreitextProstata,StructureDefinition/AnmeldeBundleMinimalFreitextLunge","hl7.fhir.r4.core"
http://hl7.org/fhir/ValueSet/condition-category,4.0.1,draft,"2.16.840.1.113883.4.642.3.162",ConditionCategoryCodes,Condition Category Codes,"Preferred value set for Condition Categories.","StructureDefinition/DiagnoseLungenTumorMinimal,StructureDefinition/Nebendiagnose","THO"
http://hl7.org/fhir/ValueSet/condition-clinical,4.0.1,draft,"2.16.840.1.113883.4.642.3.164",ConditionClinicalStatusCodes,Condition Clinical Status Codes,"Preferred value set for Condition Clinical Status.","StructureDefinition/DiagnoseLungenTumorMinimal,StructureDefinition/Nebendiagnose","THO"
http://hl7.org/fhir/ValueSet/condition-code,4.0.1,draft,"2.16.840.1.113883.4.642.3.161",Condition/Problem/DiagnosisCodes,Condition/Problem/Diagnosis Codes,"Example value set for Condition/Problem/Diagnosis codes.","StructureDefinition/DiagnoseLungenTumorMinimal,StructureDefinition/Nebendiagnose","SCT"
http://hl7.org/fhir/ValueSet/condition-severity,4.0.1,draft,"2.16.840.1.113883.4.642.3.168",Condition/DiagnosisSeverity,Condition/Diagnosis Severity,"Preferred value set for Condition/Diagnosis severity grading.","StructureDefinition/DiagnoseLungenTumorMinimal,StructureDefinition/Nebendiagnose","SCT"
http://hl7.org/fhir/ValueSet/condition-stage,4.0.1,draft,"2.16.840.1.113883.4.642.3.170",ConditionStage,Condition Stage,"Example value set for stages of cancer and other conditions.","StructureDefinition/DiagnoseLungenTumorMinimal,StructureDefinition/Nebendiagnose","SCT"
http://hl7.org/fhir/ValueSet/condition-stage-type,4.0.1,draft,"2.16.840.1.113883.4.642.3.171",ConditionStageType,Condition Stage Type,"Example value set for the type of stages of cancer and other conditions","StructureDefinition/DiagnoseLungenTumorMinimal,StructureDefinition/Nebendiagnose","SCT"
http://hl7.org/fhir/ValueSet/condition-ver-status,4.0.1,draft,"2.16.840.1.113883.4.642.3.166",ConditionVerificationStatus,ConditionVerificationStatus,"The verification status to support or decline the clinical status of the condition or diagnosis.","StructureDefinition/DiagnoseLungenTumorMinimal,StructureDefinition/Nebendiagnose","THO"
http://hl7.org/fhir/ValueSet/data-absent-reason,4.0.1,active,"2.16.840.1.113883.4.642.3.5",DataAbsentReason,DataAbsentReason,"Used to specify why the normally expected content of the data element is missing.","StructureDefinition/externe-bilder,StructureDefinition/bemerkung-freitext,StructureDefinition/tumorsituation,StructureDefinition/medikamentoese-therapie-freitext,StructureDefinition/ekg,StructureDefinition/praxis-pathologisches-institut-freitext,StructureDefinition/FertilitaetsBehandlungEmpfohlen,StructureDefinition/radiologie-bilder-freitext,StructureDefinition/MinimalObservation,StructureDefinition/weitere-gewuenschte-teilnehmer-freitext,StructureDefinition/ct-mrt-abdomen,StructureDefinition/fragestellung-radiologie-freitext,StructureDefinition/gewuenschte-teilnehmer,StructureDefinition/psa-verlauf-freitext,StructureDefinition/ecog,StructureDefinition/OperativeTherapieFreitext,StructureDefinition/fragestellung-tumorkonferenz-freitext,StructureDefinition/tumor-board-anmeldung,StructureDefinition/familienanamnese-drop-down,StructureDefinition/skelettszintigraphie,StructureDefinition/relevante-nebendiagnosen-freitext,StructureDefinition/pet-ct,StructureDefinition/histologische-typisierung-lunge,StructureDefinition/TNMFreitext,StructureDefinition/HistologieMolPatFreitext,StructureDefinition/fragestellung-pathologie-freitext,StructureDefinition/ct-mrt-schaedel,StructureDefinition/lungenfunktionstest,StructureDefinition/FreitextObservation,StructureDefinition/ct-mrt-thorax,StructureDefinition/StrahlenTherapieFreitext,StructureDefinition/Erstdiagnose,StructureDefinition/verlauf-freitext,StructureDefinition/DiagnoseFreitext","THO"
http://hl7.org/fhir/ValueSet/diagnosis-role,4.0.1,draft,"2.16.840.1.113883.4.642.3.49",DiagnosisRole,DiagnosisRole,"This value set defines a set of codes that can be used to express the role of a diagnosis on the Encounter or EpisodeOfCare record.","StructureDefinition/tumorErkrankung","THO"
http://hl7.org/fhir/ValueSet/episode-of-care-status,4.0.1,draft,"2.16.840.1.113883.4.642.3.664",EpisodeOfCareStatus,EpisodeOfCareStatus,"The status of the episode of care.","StructureDefinition/tumorErkrankung","hl7.fhir.r4.core"
http://hl7.org/fhir/ValueSet/episodeofcare-type,4.0.1,draft,"2.16.840.1.113883.4.642.3.666",EpisodeOfCareType,Episode of care type,"This example value set defines a set of codes that can be used to express the usage type of an EpisodeOfCare record.","StructureDefinition/tumorErkrankung","THO"
http://hl7.org/fhir/ValueSet/http-verb,4.0.1,active,"2.16.840.1.113883.4.642.3.624",HTTPVerb,HTTPVerb,"HTTP verbs (in the HTTP command line). See [HTTP rfc](https://tools.ietf.org/html/rfc7231) for details.","StructureDefinition/AnmeldeBundleMinimalFreitextProstata,StructureDefinition/AnmeldeBundleMinimalFreitextLunge","hl7.fhir.r4.core"
http://hl7.org/fhir/ValueSet/identifier-use,4.0.1,active,"2.16.840.1.113883.4.642.3.57",IdentifierUse,IdentifierUse,"Identifies the purpose for this identifier, if known .","StructureDefinition/TumorPatient","hl7.fhir.r4.core"
http://hl7.org/fhir/ValueSet/iso3166-1-2,4.0.1,active,,Iso3166-1-2,Iso 3166 Part 1: 2 Letter Codes,"This value set defines the ISO 3166 Part 1 2-letter codes","StructureDefinition/TumorPatient","hl7.terminology.r4"
http://hl7.org/fhir/ValueSet/languages,4.0.1,draft,"2.16.840.1.113883.4.642.3.20",CommonLanguages,Common Languages,"This value set includes common codes from BCP-47 (http://tools.ietf.org/html/bcp47)","StructureDefinition/externe-bilder,StructureDefinition/bemerkung-freitext,StructureDefinition/tumorsituation,StructureDefinition/Anmelder,StructureDefinition/medikamentoese-therapie-freitext,StructureDefinition/Nebendiagnose,StructureDefinition/ekg,StructureDefinition/praxis-pathologisches-institut-freitext,StructureDefinition/FertilitaetsBehandlungEmpfohlen,StructureDefinition/radiologie-bilder-freitext,StructureDefinition/MinimalObservation,StructureDefinition/weitere-gewuenschte-teilnehmer-freitext,StructureDefinition/ct-mrt-abdomen,StructureDefinition/DiagnoseLungenTumorMinimal,StructureDefinition/fragestellung-radiologie-freitext,StructureDefinition/tumorErkrankung,StructureDefinition/gewuenschte-teilnehmer,StructureDefinition/psa-verlauf-freitext,StructureDefinition/ecog,StructureDefinition/OperativeTherapieFreitext,StructureDefinition/fragestellung-tumorkonferenz-freitext,StructureDefinition/AnmeldeBundleMinimalFreitextLunge,StructureDefinition/tumor-board-anmeldung,StructureDefinition/familienanamnese-drop-down,StructureDefinition/skelettszintigraphie,StructureDefinition/relevante-nebendiagnosen-freitext,StructureDefinition/pet-ct,StructureDefinition/histologische-typisierung-lunge,StructureDefinition/TNMFreitext,StructureDefinition/TumorPatient,StructureDefinition/HistologieMolPatFreitext,StructureDefinition/fragestellung-pathologie-freitext,StructureDefinition/ct-mrt-schaedel,StructureDefinition/lungenfunktionstest,StructureDefinition/AnmeldeBundleMinimalFreitextProstata,StructureDefinition/FreitextObservation,StructureDefinition/ct-mrt-thorax,StructureDefinition/StrahlenTherapieFreitext,StructureDefinition/Erstdiagnose,StructureDefinition/verlauf-freitext,StructureDefinition/DiagnoseFreitext","hl7.terminology.r4"
http://hl7.org/fhir/ValueSet/link-type,4.0.1,active,"2.16.840.1.113883.4.642.3.423",LinkType,LinkType,"The type of link between this patient resource and another patient resource.","StructureDefinition/TumorPatient","hl7.fhir.r4.core"
http://hl7.org/fhir/ValueSet/manifestation-or-symptom,4.0.1,draft,"2.16.840.1.113883.4.642.3.169",ManifestationAndSymptomCodes,Manifestation and Symptom Codes,"Example value set for Manifestation and Symptom codes.","StructureDefinition/DiagnoseLungenTumorMinimal,StructureDefinition/Nebendiagnose","SCT"
http://hl7.org/fhir/ValueSet/marital-status,4.0.1,active,"2.16.840.1.113883.4.642.3.29",Marital Status Codes,MaritalStatus,"This value set defines the set of codes that can be used to indicate the marital status of a person.","StructureDefinition/TumorPatient","THO (V3)"
http://hl7.org/fhir/ValueSet/name-use,4.0.1,active,"2.16.840.1.113883.4.642.3.65",NameUse,NameUse,"The use of a human name.","StructureDefinition/Anmelder,StructureDefinition/TumorPatient","hl7.fhir.r4.core"
http://hl7.org/fhir/ValueSet/observation-category,4.0.1,draft,"2.16.840.1.113883.4.642.3.403",ObservationCategoryCodes,Observation Category Codes,"Observation Category codes.","StructureDefinition/externe-bilder,StructureDefinition/bemerkung-freitext,StructureDefinition/tumorsituation,StructureDefinition/medikamentoese-therapie-freitext,StructureDefinition/ekg,StructureDefinition/praxis-pathologisches-institut-freitext,StructureDefinition/FertilitaetsBehandlungEmpfohlen,StructureDefinition/radiologie-bilder-freitext,StructureDefinition/MinimalObservation,StructureDefinition/weitere-gewuenschte-teilnehmer-freitext,StructureDefinition/ct-mrt-abdomen,StructureDefinition/fragestellung-radiologie-freitext,StructureDefinition/gewuenschte-teilnehmer,StructureDefinition/psa-verlauf-freitext,StructureDefinition/ecog,StructureDefinition/OperativeTherapieFreitext,StructureDefinition/fragestellung-tumorkonferenz-freitext,StructureDefinition/tumor-board-anmeldung,StructureDefinition/familienanamnese-drop-down,StructureDefinition/skelettszintigraphie,StructureDefinition/relevante-nebendiagnosen-freitext,StructureDefinition/pet-ct,StructureDefinition/histologische-typisierung-lunge,StructureDefinition/TNMFreitext,StructureDefinition/HistologieMolPatFreitext,StructureDefinition/fragestellung-pathologie-freitext,StructureDefinition/ct-mrt-schaedel,StructureDefinition/lungenfunktionstest,StructureDefinition/FreitextObservation,StructureDefinition/ct-mrt-thorax,StructureDefinition/StrahlenTherapieFreitext,StructureDefinition/Erstdiagnose,StructureDefinition/verlauf-freitext,StructureDefinition/DiagnoseFreitext","THO"
http://hl7.org/fhir/ValueSet/observation-codes,4.0.1,draft,"2.16.840.1.113883.4.642.3.396",LOINCCodes,LOINC Codes,"This value set includes all LOINC codes","StructureDefinition/externe-bilder,StructureDefinition/bemerkung-freitext,StructureDefinition/tumorsituation,StructureDefinition/medikamentoese-therapie-freitext,StructureDefinition/ekg,StructureDefinition/praxis-pathologisches-institut-freitext,StructureDefinition/FertilitaetsBehandlungEmpfohlen,StructureDefinition/radiologie-bilder-freitext,StructureDefinition/MinimalObservation,StructureDefinition/weitere-gewuenschte-teilnehmer-freitext,StructureDefinition/ct-mrt-abdomen,StructureDefinition/fragestellung-radiologie-freitext,StructureDefinition/gewuenschte-teilnehmer,StructureDefinition/psa-verlauf-freitext,StructureDefinition/ecog,StructureDefinition/OperativeTherapieFreitext,StructureDefinition/fragestellung-tumorkonferenz-freitext,StructureDefinition/tumor-board-anmeldung,StructureDefinition/familienanamnese-drop-down,StructureDefinition/skelettszintigraphie,StructureDefinition/relevante-nebendiagnosen-freitext,StructureDefinition/pet-ct,StructureDefinition/histologische-typisierung-lunge,StructureDefinition/TNMFreitext,StructureDefinition/HistologieMolPatFreitext,StructureDefinition/fragestellung-pathologie-freitext,StructureDefinition/ct-mrt-schaedel,StructureDefinition/lungenfunktionstest,StructureDefinition/FreitextObservation,StructureDefinition/ct-mrt-thorax,StructureDefinition/StrahlenTherapieFreitext,StructureDefinition/Erstdiagnose,StructureDefinition/verlauf-freitext,StructureDefinition/DiagnoseFreitext","LOINC"
http://hl7.org/fhir/ValueSet/observation-interpretation,4.0.1,active,"2.16.840.1.113883.4.642.3.399",ObservationInterpretationCodes,Observation Interpretation Codes,"A categorical assessment, providing a rough qualitative interpretation of the observation value,    such as “normal”/ “abnormal”,”low” / “high”, “better” / “worse”, “susceptible” / “resistant”, “expected”/ “not expected”.    The value set is intended to be for ANY use where coded representation of an interpretation is needed.             Notes:          This is being communicated in v2.x in OBX-8 (Observation Interpretation), in v3 in ObservationInterpretation (CWE) in R1 (Representative Realm) and in FHIR in    Observation.interpretation. Historically these values come from the laboratory domain, and these codes are extensively    used. The value set binding is extensible, so codes outside the value set that are needed for interpretation concepts    (i.e. particular meanings) that are not included in the value set can be used, and these new codes may also be added to    the value set and published in a future version.","StructureDefinition/externe-bilder,StructureDefinition/bemerkung-freitext,StructureDefinition/tumorsituation,StructureDefinition/medikamentoese-therapie-freitext,StructureDefinition/ekg,StructureDefinition/praxis-pathologisches-institut-freitext,StructureDefinition/FertilitaetsBehandlungEmpfohlen,StructureDefinition/radiologie-bilder-freitext,StructureDefinition/MinimalObservation,StructureDefinition/weitere-gewuenschte-teilnehmer-freitext,StructureDefinition/ct-mrt-abdomen,StructureDefinition/fragestellung-radiologie-freitext,StructureDefinition/gewuenschte-teilnehmer,StructureDefinition/psa-verlauf-freitext,StructureDefinition/ecog,StructureDefinition/OperativeTherapieFreitext,StructureDefinition/fragestellung-tumorkonferenz-freitext,StructureDefinition/tumor-board-anmeldung,StructureDefinition/familienanamnese-drop-down,StructureDefinition/skelettszintigraphie,StructureDefinition/relevante-nebendiagnosen-freitext,StructureDefinition/pet-ct,StructureDefinition/histologische-typisierung-lunge,StructureDefinition/TNMFreitext,StructureDefinition/HistologieMolPatFreitext,StructureDefinition/fragestellung-pathologie-freitext,StructureDefinition/ct-mrt-schaedel,StructureDefinition/lungenfunktionstest,StructureDefinition/FreitextObservation,StructureDefinition/ct-mrt-thorax,StructureDefinition/StrahlenTherapieFreitext,StructureDefinition/Erstdiagnose,StructureDefinition/verlauf-freitext,StructureDefinition/DiagnoseFreitext","THO (V3)"
http://hl7.org/fhir/ValueSet/observation-methods,4.0.1,draft,"2.16.840.1.113883.4.642.3.395",ObservationMethods,Observation Methods,"Observation Method codes from [SNOMED CT](http://snomed.info/sct) where concept is-a 272394005 (Technique (qualifier value)) or is-a 129264002 (Action (qualifier value)) or is-a 386053000 (Evaluation procedure(procedure))","StructureDefinition/externe-bilder,StructureDefinition/bemerkung-freitext,StructureDefinition/tumorsituation,StructureDefinition/medikamentoese-therapie-freitext,StructureDefinition/ekg,StructureDefinition/praxis-pathologisches-institut-freitext,StructureDefinition/FertilitaetsBehandlungEmpfohlen,StructureDefinition/radiologie-bilder-freitext,StructureDefinition/MinimalObservation,StructureDefinition/weitere-gewuenschte-teilnehmer-freitext,StructureDefinition/ct-mrt-abdomen,StructureDefinition/fragestellung-radiologie-freitext,StructureDefinition/gewuenschte-teilnehmer,StructureDefinition/psa-verlauf-freitext,StructureDefinition/ecog,StructureDefinition/OperativeTherapieFreitext,StructureDefinition/fragestellung-tumorkonferenz-freitext,StructureDefinition/tumor-board-anmeldung,StructureDefinition/familienanamnese-drop-down,StructureDefinition/skelettszintigraphie,StructureDefinition/relevante-nebendiagnosen-freitext,StructureDefinition/pet-ct,StructureDefinition/histologische-typisierung-lunge,StructureDefinition/TNMFreitext,StructureDefinition/HistologieMolPatFreitext,StructureDefinition/fragestellung-pathologie-freitext,StructureDefinition/ct-mrt-schaedel,StructureDefinition/lungenfunktionstest,StructureDefinition/FreitextObservation,StructureDefinition/ct-mrt-thorax,StructureDefinition/StrahlenTherapieFreitext,StructureDefinition/Erstdiagnose,StructureDefinition/verlauf-freitext,StructureDefinition/DiagnoseFreitext","SCT"
http://hl7.org/fhir/ValueSet/observation-status,4.0.1,active,"2.16.840.1.113883.4.642.3.400",ObservationStatus,ObservationStatus,"Codes providing the status of an observation.","StructureDefinition/externe-bilder,StructureDefinition/bemerkung-freitext,StructureDefinition/tumorsituation,StructureDefinition/medikamentoese-therapie-freitext,StructureDefinition/ekg,StructureDefinition/praxis-pathologisches-institut-freitext,StructureDefinition/FertilitaetsBehandlungEmpfohlen,StructureDefinition/radiologie-bilder-freitext,StructureDefinition/MinimalObservation,StructureDefinition/weitere-gewuenschte-teilnehmer-freitext,StructureDefinition/ct-mrt-abdomen,StructureDefinition/fragestellung-radiologie-freitext,StructureDefinition/gewuenschte-teilnehmer,StructureDefinition/psa-verlauf-freitext,StructureDefinition/ecog,StructureDefinition/OperativeTherapieFreitext,StructureDefinition/fragestellung-tumorkonferenz-freitext,StructureDefinition/tumor-board-anmeldung,StructureDefinition/familienanamnese-drop-down,StructureDefinition/skelettszintigraphie,StructureDefinition/relevante-nebendiagnosen-freitext,StructureDefinition/pet-ct,StructureDefinition/histologische-typisierung-lunge,StructureDefinition/TNMFreitext,StructureDefinition/HistologieMolPatFreitext,StructureDefinition/fragestellung-pathologie-freitext,StructureDefinition/ct-mrt-schaedel,StructureDefinition/lungenfunktionstest,StructureDefinition/FreitextObservation,StructureDefinition/ct-mrt-thorax,StructureDefinition/StrahlenTherapieFreitext,StructureDefinition/Erstdiagnose,StructureDefinition/verlauf-freitext,StructureDefinition/DiagnoseFreitext","hl7.fhir.r4.core"
http://hl7.org/fhir/ValueSet/patient-contactrelationship,4.0.1,active,"2.16.840.1.113883.4.642.3.1130",PatientContactRelationship,Patient Contact Relationship ,"The nature of the relationship between the patient and the contact person.","StructureDefinition/TumorPatient","THO (V2)"
http://hl7.org/fhir/ValueSet/referencerange-appliesto,4.0.1,draft,"2.16.840.1.113883.4.642.3.407",ObservationReferenceRangeAppliesToCodes,Observation Reference Range Applies To Codes,"This value set defines a set of codes that can be used to indicate the particular target population the reference range applies to.","StructureDefinition/externe-bilder,StructureDefinition/bemerkung-freitext,StructureDefinition/tumorsituation,StructureDefinition/medikamentoese-therapie-freitext,StructureDefinition/ekg,StructureDefinition/praxis-pathologisches-institut-freitext,StructureDefinition/FertilitaetsBehandlungEmpfohlen,StructureDefinition/radiologie-bilder-freitext,StructureDefinition/MinimalObservation,StructureDefinition/weitere-gewuenschte-teilnehmer-freitext,StructureDefinition/ct-mrt-abdomen,StructureDefinition/fragestellung-radiologie-freitext,StructureDefinition/gewuenschte-teilnehmer,StructureDefinition/psa-verlauf-freitext,StructureDefinition/ecog,StructureDefinition/OperativeTherapieFreitext,StructureDefinition/fragestellung-tumorkonferenz-freitext,StructureDefinition/tumor-board-anmeldung,StructureDefinition/familienanamnese-drop-down,StructureDefinition/skelettszintigraphie,StructureDefinition/relevante-nebendiagnosen-freitext,StructureDefinition/pet-ct,StructureDefinition/histologische-typisierung-lunge,StructureDefinition/TNMFreitext,StructureDefinition/HistologieMolPatFreitext,StructureDefinition/fragestellung-pathologie-freitext,StructureDefinition/ct-mrt-schaedel,StructureDefinition/lungenfunktionstest,StructureDefinition/FreitextObservation,StructureDefinition/ct-mrt-thorax,StructureDefinition/StrahlenTherapieFreitext,StructureDefinition/Erstdiagnose,StructureDefinition/verlauf-freitext,StructureDefinition/DiagnoseFreitext","SCT"
http://hl7.org/fhir/ValueSet/referencerange-meaning,4.0.1,draft,"2.16.840.1.113883.4.642.3.397",ObservationReferenceRangeMeaningCodes,Observation Reference Range Meaning Codes,"This value set defines a set of codes that can be used to indicate the meaning/use of a reference range for a particular target population.","StructureDefinition/externe-bilder,StructureDefinition/bemerkung-freitext,StructureDefinition/tumorsituation,StructureDefinition/medikamentoese-therapie-freitext,StructureDefinition/ekg,StructureDefinition/praxis-pathologisches-institut-freitext,StructureDefinition/FertilitaetsBehandlungEmpfohlen,StructureDefinition/radiologie-bilder-freitext,StructureDefinition/MinimalObservation,StructureDefinition/weitere-gewuenschte-teilnehmer-freitext,StructureDefinition/ct-mrt-abdomen,StructureDefinition/fragestellung-radiologie-freitext,StructureDefinition/gewuenschte-teilnehmer,StructureDefinition/psa-verlauf-freitext,StructureDefinition/ecog,StructureDefinition/OperativeTherapieFreitext,StructureDefinition/fragestellung-tumorkonferenz-freitext,StructureDefinition/tumor-board-anmeldung,StructureDefinition/familienanamnese-drop-down,StructureDefinition/skelettszintigraphie,StructureDefinition/relevante-nebendiagnosen-freitext,StructureDefinition/pet-ct,StructureDefinition/histologische-typisierung-lunge,StructureDefinition/TNMFreitext,StructureDefinition/HistologieMolPatFreitext,StructureDefinition/fragestellung-pathologie-freitext,StructureDefinition/ct-mrt-schaedel,StructureDefinition/lungenfunktionstest,StructureDefinition/FreitextObservation,StructureDefinition/ct-mrt-thorax,StructureDefinition/StrahlenTherapieFreitext,StructureDefinition/Erstdiagnose,StructureDefinition/verlauf-freitext,StructureDefinition/DiagnoseFreitext","THO"
http://hl7.org/fhir/ValueSet/search-entry-mode,4.0.1,active,"2.16.840.1.113883.4.642.3.622",SearchEntryMode,SearchEntryMode,"Why an entry is in the result set - whether it's included as a match or because of an _include requirement, or to convey information or warning information about the search process.","StructureDefinition/AnmeldeBundleMinimalFreitextProstata,StructureDefinition/AnmeldeBundleMinimalFreitextLunge","hl7.fhir.r4.core"
http://idg-rlp.de/fhir/tumorkonferenzen/ValueSet/C34-BronchusLunge-ICDO3Topo,0.1.0,draft,,C34_BronchusLunge_ICDO3TopoVS,Bösartige Neubildungen von Bronchus und Lunge (ICD-O-3 Topographie C34.x),"ICD-O-3 Topographie-Codes für maligne Neubildungen des Hauptbronchus, der Lungenlappen und überlappender bzw. unspezifischer Lokalisationen.","StructureDefinition/DiagnoseLungenTumorMinimal","THO"
http://idg-rlp.de/fhir/tumorkonferenzen/ValueSet/C34-BronchusLunge-Neoplasien,0.1.0,draft,,C34_BronchusLunge_NeoplasienVS,Bösartige Neubildungen von Bronchus und Lunge (ICD-10 C34.x),"ICD-10-Codes für maligne Neubildungen des Hauptbronchus, der Lungenlappen und überlappender bzw. unspezifischer Lokalisationen.","StructureDefinition/DiagnoseLungenTumorMinimal","de.basisprofil.r4"
http://idg-rlp.de/fhir/tumorkonferenzen/ValueSet/StatusBildbefundVS,0.1.0,draft,,StatusBildbefundVS,StatusBildbefundVS,"Status Bildbefund ValueSet","StructureDefinition/ekg,StructureDefinition/ct-mrt-thorax","Other"
http://idg-rlp.de/fhir/tumorkonferenzen/ValueSet/befundstatust-vs,0.1.0,draft,,BefundstatusVS,Befundstatus ValueSet,"ValueSet für die CT/MRT Befund mit den Antwortoptionen: auffällig, unauffällig, liegt nicht vor, unbekannt.","StructureDefinition/ct-mrt-abdomen,StructureDefinition/skelettszintigraphie,StructureDefinition/pet-ct,StructureDefinition/ct-mrt-schaedel,StructureDefinition/lungenfunktionstest","Other"
http://idg-rlp.de/fhir/tumorkonferenzen/ValueSet/ecog-performance-status,0.1.0,draft,,ECOGPerformanceStatusVS,ECOG,"ECOG Performance Status (Level 0-5).","StructureDefinition/ecog","LOINC"
http://idg-rlp.de/fhir/tumorkonferenzen/ValueSet/externe-bilder-vs,0.1.0,draft,,ExterneBilderVS,Externe Bilder ValueSet,"ValueSet für externe Bilder mit den Antwortoptionen: sind eingelesen, werden elektronisch übermittelt, werden per Post gesendet.","StructureDefinition/externe-bilder","Other"
http://idg-rlp.de/fhir/tumorkonferenzen/ValueSet/gewuenschte-teilnehmer-vs,0.1.0,draft,,GewuenschteTeilnehmerVS,Gewünschte Teilnehmer ValueSet,"ValueSet mit den Antwortoptionen für gewünschte Teilnehmer in einem medizinischen Kontext.","StructureDefinition/gewuenschte-teilnehmer","Other"
http://idg-rlp.de/fhir/tumorkonferenzen/ValueSet/histologische-typisierung-vs,0.1.0,draft,,HistologischeTypisierungVS,Histologische Typisierung ValueSet,"ValueSet für die histologische Typisierung mit den Antwortoptionen: Unbekannt, SCLC, NSCLC, Sonstige.","StructureDefinition/histologische-typisierung-lunge","SCT"
http://idg-rlp.de/fhir/tumorkonferenzen/ValueSet/ja-nein-beratung-vs,0.1.0,draft,,JaNeinBeratungVS,Ja, Nein, Beratung schon erfolgt ValueSet,"Ein ValueSet mit den Codes für Ja, Nein und Beratung schon erfolgt.","StructureDefinition/FertilitaetsBehandlungEmpfohlen","SCT,Other"
http://idg-rlp.de/fhir/tumorkonferenzen/ValueSet/ja-nein-unbekannt-vs,0.1.0,draft,,JaNeinUnbekanntVS,Expanded Yes/No Indicator ValueSet,"Ein ValueSet, das die Konzepte Yes, No und Unknown aus dem ExpandedYesNoIndicator CodeSystem enthält","StructureDefinition/tumor-board-anmeldung","SCT"
http://idg-rlp.de/fhir/tumorkonferenzen/ValueSet/pos-neg-nask-vs,0.1.0,draft,,PosNegNaskVS,PosNegNask,"PosNegNask","StructureDefinition/familienanamnese-drop-down","THO (V3),SCT"
http://idg-rlp.de/fhir/tumorkonferenzen/ValueSet/tumorsituation-vs,0.1.0,draft,,TumorsituationVS,Tumorsituation ValueSet,"ValueSet für die Tumorsituation mit den Codes ED, LR, M, TV, S.","StructureDefinition/tumorsituation","Internal"
http://terminology.hl7.org/ValueSet/v2-2.7-0360,0360,active,,v2.0360.2.7,v2 table 0360, Version 2.7,"FHIR Value set/code system definition for HL7 v2 table 0360 ver 2.9 ( Degree/License/Certificate)","StructureDefinition/Anmelder","THO (V2)"
https://www.medizininformatik-initiative.de/fhir/ext/modul-onko/ValueSet/mii-vs-onko-icdo3-morphologie,2025.0.0,active,,MII_VS_Onko_ICDO3_Morphologie,MII VS Onkologie ICD-O-3 Morphologie,"Codes für histologische Morphologie und Verhalten einer neoplastischen Veränderung","StructureDefinition/DiagnoseLungenTumorMinimal","THO"
https://www.medizininformatik-initiative.de/fhir/ext/modul-onko/ValueSet/mii-vs-onko-seitenlokalisation,2025.0.0,active,,MII_VS_Onko_Seitenlokalisation,MII VS Onkologie Primärtumor Seitenlokalisation,"Codes für Seitenlokalisation, d.h. organspezifische Angabe der betroffenen Seite.","StructureDefinition/DiagnoseLungenTumorMinimal","de.medizininformatikinitiative.kerndatensatz.onkologie"
